{
    "forward: close, right: close, left: close": {
        "forward": -9449.892923040692,
        "right": -9748.752929895276,
        "left": -8183.341122563794
    },
    "forward: close, right: close, left: medium": {
        "forward": -6585.594525203556,
        "right": -6353.148830383535,
        "left": -5475.10304216776
    },
    "forward: close, right: close, left: far": {
        "forward": -3688.977004148912,
        "right": -3286.0947666566617,
        "left": -4031.3965551796764
    },
    "forward: close, right: medium, left: close": {
        "forward": -7220.079882246897,
        "right": -5403.549504537758,
        "left": -6665.864224625906
    },
    "forward: close, right: medium, left: medium": {
        "forward": -2976.8159353510277,
        "right": -2970.0404805837957,
        "left": -2896.63597906258
    },
    "forward: close, right: medium, left: far": {
        "forward": -2196.9623594256664,
        "right": -2252.3084533790466,
        "left": -2374.5363729915084
    },
    "forward: close, right: far, left: close": {
        "forward": -4283.002763648517,
        "right": -2606.331668636465,
        "left": -3730.0243809671306
    },
    "forward: close, right: far, left: medium": {
        "forward": -1579.8292677968648,
        "right": -2113.2392009226533,
        "left": -1664.9096294000728
    },
    "forward: close, right: far, left: far": {
        "forward": -2402.3908244144345,
        "right": -2177.415236709276,
        "left": -2271.1965635840256
    },
    "forward: medium, right: close, left: close": {
        "forward": -1.0,
        "right": -1.8,
        "left": -1385.9089583387424
    },
    "forward: medium, right: close, left: medium": {
        "forward": -1031.135198184492,
        "right": -1011.353441845396,
        "left": -803.6390882683341
    },
    "forward: medium, right: close, left: far": {
        "forward": -414.0739562128233,
        "right": -25.20142102331153,
        "left": -332.4318051186229
    },
    "forward: medium, right: medium, left: close": {
        "forward": -1826.4809711635353,
        "right": -1884.84916517042,
        "left": -1521.4753346804027
    },
    "forward: medium, right: medium, left: medium": {
        "forward": -1355.9000952125161,
        "right": -1131.8951375340641,
        "left": -293.79357797988797
    },
    "forward: medium, right: medium, left: far": {
        "forward": -573.1784556151242,
        "right": -534.1480398109875,
        "left": -113.45781354305734
    },
    "forward: medium, right: far, left: close": {
        "forward": -558.9897706968801,
        "right": -673.5422194426319,
        "left": -338.0736020032032
    },
    "forward: medium, right: far, left: medium": {
        "forward": -271.8222757829199,
        "right": -580.9108476699627,
        "left": -94.16028087896919
    },
    "forward: medium, right: far, left: far": {
        "forward": -498.6662315323491,
        "right": -417.9182530793157,
        "left": -24.986111565651015
    },
    "forward: far, right: close, left: close": {
        "forward": 0,
        "right": 0,
        "left": 0
    },
    "forward: far, right: close, left: medium": {
        "forward": -150.14944670503567,
        "right": -62.240178413982264,
        "left": -328.6738230890303
    },
    "forward: far, right: close, left: far": {
        "forward": -23.89505693204686,
        "right": -78.5846687808137,
        "left": -287.0642755265224
    },
    "forward: far, right: medium, left: close": {
        "forward": -137.3883588309148,
        "right": -23.637156032278753,
        "left": -18.837072274633474
    },
    "forward: far, right: medium, left: medium": {
        "forward": -107.87335806014693,
        "right": -115.09357054671156,
        "left": -37.38820249041319
    },
    "forward: far, right: medium, left: far": {
        "forward": -86.80846406341199,
        "right": -21.728765857837388,
        "left": -76.49926187467642
    },
    "forward: far, right: far, left: close": {
        "forward": -142.71342700549292,
        "right": -504.7414478611034,
        "left": -804.2539708264018
    },
    "forward: far, right: far, left: medium": {
        "forward": -114.55659106953526,
        "right": -130.48051043060815,
        "left": -24.999767036205476
    },
    "forward: far, right: far, left: far": {
        "forward": -72.61032873242887,
        "right": -76.37617330655385,
        "left": -24.999848347978233
    }
}