{
    "forward: close, right: close, left: close": {
        "forward": -6353.909687719348,
        "right": -6632.481954827718,
        "left": -6787.345542177299
    },
    "forward: close, right: close, left: medium": {
        "forward": -3548.8249170381664,
        "right": -3749.6000505931083,
        "left": -3882.2133648904282
    },
    "forward: close, right: close, left: far": {
        "forward": -1673.5298030554889,
        "right": -1758.7618913661975,
        "left": -1700.4762780862056
    },
    "forward: close, right: medium, left: close": {
        "forward": -3885.2952037980144,
        "right": -3364.8827187273687,
        "left": -5067.577544244266
    },
    "forward: close, right: medium, left: medium": {
        "forward": -1507.727075265997,
        "right": -1316.4087837421175,
        "left": -1453.5560634765936
    },
    "forward: close, right: medium, left: far": {
        "forward": -1966.3512110778233,
        "right": -982.5902259040602,
        "left": -351.6962685218809
    },
    "forward: close, right: far, left: close": {
        "forward": -2761.1738677635876,
        "right": -2731.4684455327597,
        "left": -3225.887122219728
    },
    "forward: close, right: far, left: medium": {
        "forward": -621.3432831896969,
        "right": -599.7916054688017,
        "left": -550.3234704287274
    },
    "forward: close, right: far, left: far": {
        "forward": -861.6877283215422,
        "right": -835.6732343485974,
        "left": -640.9356284881047
    },
    "forward: medium, right: close, left: close": {
        "forward": -3.5550766544146137,
        "right": -365.0185081384977,
        "left": -0.2
    },
    "forward: medium, right: close, left: medium": {
        "forward": -484.03298322117655,
        "right": -435.56965992701026,
        "left": -265.88689500082137
    },
    "forward: medium, right: close, left: far": {
        "forward": -60.01295339629898,
        "right": -130.80845798960002,
        "left": -44.37637557754118
    },
    "forward: medium, right: medium, left: close": {
        "forward": -935.0756006625359,
        "right": -157.02795918655931,
        "left": -1031.1344624765381
    },
    "forward: medium, right: medium, left: medium": {
        "forward": -442.52179707081183,
        "right": -578.800397142066,
        "left": -358.8299117613818
    },
    "forward: medium, right: medium, left: far": {
        "forward": -41.882550803797805,
        "right": -93.20344199076408,
        "left": -28.779154530359154
    },
    "forward: medium, right: far, left: close": {
        "forward": -288.22005314721736,
        "right": -91.53552655582408,
        "left": -314.4380496843115
    },
    "forward: medium, right: far, left: medium": {
        "forward": -312.8018939156154,
        "right": -282.593279634541,
        "left": -291.1717967410403
    },
    "forward: medium, right: far, left: far": {
        "forward": -62.09039131927918,
        "right": -21.120012199558207,
        "left": -80.44019821362913
    },
    "forward: far, right: close, left: close": {
        "forward": 0,
        "right": 0,
        "left": 0
    },
    "forward: far, right: close, left: medium": {
        "forward": -21.96939717958886,
        "right": -6.915392588434045,
        "left": -22.70283235955638
    },
    "forward: far, right: close, left: far": {
        "forward": -137.61309381367812,
        "right": -124.45990991113135,
        "left": -181.3626709374822
    },
    "forward: far, right: medium, left: close": {
        "forward": -48.12534945569351,
        "right": -38.21282277216788,
        "left": -43.56814231762347
    },
    "forward: far, right: medium, left: medium": {
        "forward": -38.724710387095875,
        "right": -48.94289649623999,
        "left": -47.707921753312576
    },
    "forward: far, right: medium, left: far": {
        "forward": -40.02138934543717,
        "right": -14.786685139632816,
        "left": -13.716037902938325
    },
    "forward: far, right: far, left: close": {
        "forward": -196.91257347533417,
        "right": -72.00971514497195,
        "left": -162.00382512886097
    },
    "forward: far, right: far, left: medium": {
        "forward": -26.486706285701004,
        "right": -35.046654159957086,
        "left": -53.31045959978764
    },
    "forward: far, right: far, left: far": {
        "forward": -9.936372850705098,
        "right": -11.201049189761637,
        "left": -11.311280644075804
    }
}