{
    "forward: close, right: close, left: close": {
        "forward": -2333.4130991738066,
        "right": -1636.562607905232,
        "left": -743.3916618136028
    },
    "forward: close, right: close, left: medium": {
        "forward": -336.2257528702557,
        "right": -365.9211703231123,
        "left": -413.88940206410496
    },
    "forward: close, right: close, left: far": {
        "forward": -463.704692910219,
        "right": -261.83964006119686,
        "left": -376.5606444328433
    },
    "forward: close, right: medium, left: close": {
        "forward": -755.2438054588343,
        "right": -493.3263045739251,
        "left": -951.2266509388521
    },
    "forward: close, right: medium, left: medium": {
        "forward": -152.9034786835562,
        "right": -250.68731638593667,
        "left": -202.75697120768086
    },
    "forward: close, right: medium, left: far": {
        "forward": -247.15846708267063,
        "right": -266.62073611302594,
        "left": -413.7338424202036
    },
    "forward: close, right: far, left: close": {
        "forward": -988.1901481202001,
        "right": -341.7827621312842,
        "left": -175.09975028789762
    },
    "forward: close, right: far, left: medium": {
        "forward": -737.5345078315785,
        "right": -169.60761041639137,
        "left": -240.08645082444028
    },
    "forward: close, right: far, left: far": {
        "forward": -65.03415219114156,
        "right": -100.56051012615616,
        "left": -86.20787813841517
    },
    "forward: medium, right: close, left: close": {
        "forward": -41.16335626106244,
        "right": -21.72016242063515,
        "left": -36.45596036408435
    },
    "forward: medium, right: close, left: medium": {
        "forward": -77.76061985474752,
        "right": -72.74108674556416,
        "left": -53.97361566432785
    },
    "forward: medium, right: close, left: far": {
        "forward": -35.783304303911564,
        "right": -55.27292287835766,
        "left": -30.03134278998636
    },
    "forward: medium, right: medium, left: close": {
        "forward": -62.1772892618624,
        "right": -41.49281614186274,
        "left": -54.19900890899161
    },
    "forward: medium, right: medium, left: medium": {
        "forward": -26.52449146965159,
        "right": -6.111983909943412,
        "left": -7.728555734977887
    },
    "forward: medium, right: medium, left: far": {
        "forward": -25.202907190910707,
        "right": -42.520891601454835,
        "left": -7.168103174493597
    },
    "forward: medium, right: far, left: close": {
        "forward": -174.71546537734287,
        "right": -70.37777739327875,
        "left": -46.07094342205665
    },
    "forward: medium, right: far, left: medium": {
        "forward": -28.100424711235437,
        "right": -21.143539684727724,
        "left": -21.884966479086707
    },
    "forward: medium, right: far, left: far": {
        "forward": -25.349789017819433,
        "right": -28.230693340863127,
        "left": -22.275130657200435
    },
    "forward: far, right: close, left: close": {
        "forward": 0,
        "right": 0,
        "left": 0
    },
    "forward: far, right: close, left: medium": {
        "forward": -42.49472383523962,
        "right": -227.29115688914433,
        "left": -45.47498480742208
    },
    "forward: far, right: close, left: far": {
        "forward": -20.66692808394072,
        "right": -21.727060623292086,
        "left": -58.19345684740137
    },
    "forward: far, right: medium, left: close": {
        "forward": -20.59785383050304,
        "right": -16.949470381599312,
        "left": -20.96003800751675
    },
    "forward: far, right: medium, left: medium": {
        "forward": -4.008388678877481,
        "right": -4.276481454796432,
        "left": -2.185602809393174
    },
    "forward: far, right: medium, left: far": {
        "forward": -0.7866118570118653,
        "right": -4.736460759663619,
        "left": -3.9907377522815217
    },
    "forward: far, right: far, left: close": {
        "forward": -49.18812174521026,
        "right": -29.692780467843466,
        "left": -25.989170934989144
    },
    "forward: far, right: far, left: medium": {
        "forward": -23.34087403281567,
        "right": -23.220641051601472,
        "left": -23.56755503609805
    },
    "forward: far, right: far, left: far": {
        "forward": -23.075756950292224,
        "right": -23.118402699569707,
        "left": -23.093523634191282
    }
}