{
    "forward: close, right: close, left: close": {
        "forward": -8119.897930132543,
        "right": -7900.228210963989,
        "left": -7638.707675531745
    },
    "forward: close, right: close, left: medium": {
        "forward": -4729.349383098748,
        "right": -3307.6901662196574,
        "left": -4767.718713636171
    },
    "forward: close, right: close, left: far": {
        "forward": -2700.912892983252,
        "right": -2824.8012652456373,
        "left": -2798.380243065263
    },
    "forward: close, right: medium, left: close": {
        "forward": -4742.51997031057,
        "right": -4565.178898768315,
        "left": -4296.47089060357
    },
    "forward: close, right: medium, left: medium": {
        "forward": -2377.63097648036,
        "right": -2348.507410628495,
        "left": -2291.7122262731314
    },
    "forward: close, right: medium, left: far": {
        "forward": -1076.4387641520957,
        "right": -1281.122440167781,
        "left": -1110.7428765498444
    },
    "forward: close, right: far, left: close": {
        "forward": -2833.835506112528,
        "right": -2742.901251874946,
        "left": -2643.498784675454
    },
    "forward: close, right: far, left: medium": {
        "forward": -1018.8918561512869,
        "right": -1189.3896498648498,
        "left": -814.40506334032
    },
    "forward: close, right: far, left: far": {
        "forward": -1197.1055178686893,
        "right": -871.2676828905117,
        "left": -677.5543356564584
    },
    "forward: medium, right: close, left: close": {
        "forward": 0,
        "right": 0,
        "left": 0
    },
    "forward: medium, right: close, left: medium": {
        "forward": -779.6215360261193,
        "right": -530.486649676567,
        "left": -878.3852202642441
    },
    "forward: medium, right: close, left: far": {
        "forward": -494.90299976036,
        "right": -55.71944243906489,
        "left": -355.8946396222064
    },
    "forward: medium, right: medium, left: close": {
        "forward": -599.1483201829644,
        "right": -727.1855325503052,
        "left": -528.9428141594827
    },
    "forward: medium, right: medium, left: medium": {
        "forward": -955.6400319622155,
        "right": -737.9510008206526,
        "left": -167.9640929796822
    },
    "forward: medium, right: medium, left: far": {
        "forward": -178.9449862905414,
        "right": -75.94809771326568,
        "left": -192.4246316179643
    },
    "forward: medium, right: far, left: close": {
        "forward": -374.8933142818644,
        "right": -314.7269124574719,
        "left": -118.04623848482574
    },
    "forward: medium, right: far, left: medium": {
        "forward": -226.49499104302197,
        "right": -234.26796559258474,
        "left": -56.444362114222095
    },
    "forward: medium, right: far, left: far": {
        "forward": -111.3761283399543,
        "right": -95.64934770691502,
        "left": -40.580575748155574
    },
    "forward: far, right: close, left: close": {
        "forward": 0,
        "right": 0,
        "left": 0
    },
    "forward: far, right: close, left: medium": {
        "forward": -64.02196460684749,
        "right": -29.302332693976886,
        "left": -69.77302665887599
    },
    "forward: far, right: close, left: far": {
        "forward": -247.02887838268083,
        "right": -68.46604951789358,
        "left": -106.01538048253792
    },
    "forward: far, right: medium, left: close": {
        "forward": -33.888886337453336,
        "right": -2.2345277259425345,
        "left": -0.5174867523987174
    },
    "forward: far, right: medium, left: medium": {
        "forward": -103.35534416914822,
        "right": -85.61179986543367,
        "left": -52.067697990564916
    },
    "forward: far, right: medium, left: far": {
        "forward": -86.02733198846448,
        "right": -59.11373344974289,
        "left": -110.20150221678708
    },
    "forward: far, right: far, left: close": {
        "forward": -1468.438530039685,
        "right": -351.559240493552,
        "left": -215.4468420883909
    },
    "forward: far, right: far, left: medium": {
        "forward": -1346.5346061588396,
        "right": -73.44557454954379,
        "left": -637.0625042665719
    },
    "forward: far, right: far, left: far": {
        "forward": -27.386687008279342,
        "right": -23.07235340549235,
        "left": -26.454049442650195
    }
}