{
    "forward: close, right: close, left: close": {
        "forward": -0.30000000000000004,
        "right": -1.5,
        "left": 0
    },
    "forward: close, right: close, left: medium": {
        "forward": -4.722882,
        "right": -2.7150000000000003,
        "left": -2.7445500000000003
    },
    "forward: close, right: close, left: far": {
        "forward": 0,
        "right": 0,
        "left": 0
    },
    "forward: close, right: medium, left: close": {
        "forward": -5.7812776773,
        "right": -5.204364429,
        "left": -3.7102810890000004
    },
    "forward: close, right: medium, left: medium": {
        "forward": 0,
        "right": -1.5,
        "left": -3.9435000000000002
    },
    "forward: close, right: medium, left: far": {
        "forward": 0,
        "right": 0,
        "left": 0
    },
    "forward: close, right: far, left: close": {
        "forward": -5.318580237,
        "right": -2.955,
        "left": -3.3370830000000002
    },
    "forward: close, right: far, left: medium": {
        "forward": 0,
        "right": 0,
        "left": 0
    },
    "forward: close, right: far, left: far": {
        "forward": 0,
        "right": 0,
        "left": 0
    },
    "forward: medium, right: close, left: close": {
        "forward": 0,
        "right": -0.30000000000000004,
        "left": -1.5
    },
    "forward: medium, right: close, left: medium": {
        "forward": -0.0945,
        "right": 0,
        "left": -1.215
    },
    "forward: medium, right: close, left: far": {
        "forward": -2.04,
        "right": -2.7538500000000004,
        "left": -2.04
    },
    "forward: medium, right: medium, left: close": {
        "forward": -1.7615100000000001,
        "right": -0.2,
        "left": -1.5
    },
    "forward: medium, right: medium, left: medium": {
        "forward": -0.4186559561543623,
        "right": 0.5062451007355429,
        "left": -0.5785231487533002
    },
    "forward: medium, right: medium, left: far": {
        "forward": -4.248681104014352,
        "right": -3.9285787266960415,
        "left": -3.629516400948714
    },
    "forward: medium, right: far, left: close": {
        "forward": -6.117173174957762,
        "right": -6.828362721083682,
        "left": -5.380318246890995
    },
    "forward: medium, right: far, left: medium": {
        "forward": -0.7621693905913518,
        "right": 1.2858572306890832,
        "left": 0.885571991972557
    },
    "forward: medium, right: far, left: far": {
        "forward": -0.6257957895945311,
        "right": -1.8655953046415537,
        "left": -0.5258490375032776
    },
    "forward: far, right: close, left: close": {
        "forward": 0,
        "right": 0,
        "left": 0
    },
    "forward: far, right: close, left: medium": {
        "forward": 0,
        "right": 0,
        "left": 0
    },
    "forward: far, right: close, left: far": {
        "forward": 0,
        "right": 0,
        "left": 0
    },
    "forward: far, right: medium, left: close": {
        "forward": 0,
        "right": 0,
        "left": 0
    },
    "forward: far, right: medium, left: medium": {
        "forward": 0,
        "right": 0.11424343200765155,
        "left": 0
    },
    "forward: far, right: medium, left: far": {
        "forward": -2.581862365908032,
        "right": -3.483948348075372,
        "left": -2.787062300443949
    },
    "forward: far, right: far, left: close": {
        "forward": -2.1413622772823695,
        "right": -1.6483526,
        "left": -0.58218
    },
    "forward: far, right: far, left: medium": {
        "forward": 2.429991143938895,
        "right": 1.8510536360184002,
        "left": 2.3023014683909406
    },
    "forward: far, right: far, left: far": {
        "forward": -14.875101031035458,
        "right": -13.381981831702653,
        "left": -14.123606218475265
    }
}