{
    "forward: close, right: close, left: close": {
        "forward": -9.373418773571688,
        "right": -13.000823086111202,
        "left": -9.674360700099282
    },
    "forward: close, right: close, left: medium": {
        "forward": -4.691725949928062,
        "right": -5.681590846143624,
        "left": -4.058775692192402
    },
    "forward: close, right: close, left: far": {
        "forward": -0.7488261545389044,
        "right": -1.1480042598218467,
        "left": -0.7764567194725258
    },
    "forward: close, right: medium, left: close": {
        "forward": -4.987913507260252,
        "right": -6.753359690152945,
        "left": -6.041010245573726
    },
    "forward: close, right: medium, left: medium": {
        "forward": -1.5363620840186263,
        "right": -1.1996054375797998,
        "left": -1.510914528080664
    },
    "forward: close, right: medium, left: far": {
        "forward": 0,
        "right": 0,
        "left": 0
    },
    "forward: close, right: far, left: close": {
        "forward": -6.205691584257552,
        "right": -5.411407069273487,
        "left": -6.553625375954249
    },
    "forward: close, right: far, left: medium": {
        "forward": 0,
        "right": 0,
        "left": 0
    },
    "forward: close, right: far, left: far": {
        "forward": 0,
        "right": 0,
        "left": 0
    },
    "forward: medium, right: close, left: close": {
        "forward": -0.141866843408997,
        "right": 0,
        "left": -1.1705697723379032
    },
    "forward: medium, right: close, left: medium": {
        "forward": -0.45556807821041,
        "right": -0.872283440888542,
        "left": -0.5692570140242647
    },
    "forward: medium, right: close, left: far": {
        "forward": -0.4818606020114336,
        "right": -0.5461750551830731,
        "left": -0.6610720316393587
    },
    "forward: medium, right: medium, left: close": {
        "forward": -2.9218737249768,
        "right": -2.186050690516332,
        "left": -2.6704330609917992
    },
    "forward: medium, right: medium, left: medium": {
        "forward": -1.017395946705797,
        "right": -0.8654891490109717,
        "left": -1.0819643531254004
    },
    "forward: medium, right: medium, left: far": {
        "forward": -0.6429892960377754,
        "right": -0.7501301718256828,
        "left": -0.8374100069763752
    },
    "forward: medium, right: far, left: close": {
        "forward": -3.3437436098561073,
        "right": -3.223826319181184,
        "left": -3.019542396558871
    },
    "forward: medium, right: far, left: medium": {
        "forward": -1.1343890588283552,
        "right": -0.940213460485653,
        "left": -1.1096921319492736
    },
    "forward: medium, right: far, left: far": {
        "forward": -0.19,
        "right": -0.197,
        "left": 0
    },
    "forward: far, right: close, left: close": {
        "forward": 0,
        "right": 0,
        "left": 0
    },
    "forward: far, right: close, left: medium": {
        "forward": -0.19,
        "right": 0,
        "left": 0
    },
    "forward: far, right: close, left: far": {
        "forward": -1.0209424972922623,
        "right": -0.7460499369000687,
        "left": -0.8678630206100589
    },
    "forward: far, right: medium, left: close": {
        "forward": -0.2946271090347846,
        "right": -0.203860071350979,
        "left": -0.20427346772261387
    },
    "forward: far, right: medium, left: medium": {
        "forward": 0,
        "right": -0.006999999999999999,
        "left": -0.1219826180340964
    },
    "forward: far, right: medium, left: far": {
        "forward": -0.8059301078109418,
        "right": -1.0144275859999619,
        "left": -0.7092474185384616
    },
    "forward: far, right: far, left: close": {
        "forward": -2.763227943552416,
        "right": -3.1669623990285753,
        "left": -3.199953548044813
    },
    "forward: far, right: far, left: medium": {
        "forward": -0.3131099435820597,
        "right": -0.5997057728696027,
        "left": -0.3099685147529104
    },
    "forward: far, right: far, left: far": {
        "forward": -3.010352717773996,
        "right": -3.2606456244150337,
        "left": -2.9797905042493094
    }
}