{
    "forward: close, right: close, left: close": {
        "forward": -7314.187749524421,
        "right": -7408.55334925026,
        "left": -7596.331048453437
    },
    "forward: close, right: close, left: medium": {
        "forward": -5079.18129189206,
        "right": -3621.449272037183,
        "left": -4660.710007936021
    },
    "forward: close, right: close, left: far": {
        "forward": -2455.0367026073263,
        "right": -2274.4779884837726,
        "left": -2163.5600115671123
    },
    "forward: close, right: medium, left: close": {
        "forward": -4591.052959888799,
        "right": -3226.239281597034,
        "left": -2719.5489305740793
    },
    "forward: close, right: medium, left: medium": {
        "forward": -2164.7185408925625,
        "right": -2027.692594437483,
        "left": -1902.916417738364
    },
    "forward: close, right: medium, left: far": {
        "forward": -1004.8576966853702,
        "right": -589.0319979088414,
        "left": -705.0638235866583
    },
    "forward: close, right: far, left: close": {
        "forward": -2070.0698841501016,
        "right": -1481.9843497385673,
        "left": -1483.813329748276
    },
    "forward: close, right: far, left: medium": {
        "forward": -613.5470208836475,
        "right": -739.8089036069665,
        "left": -1538.5632858869894
    },
    "forward: close, right: far, left: far": {
        "forward": -513.9270565434323,
        "right": -607.5478772445947,
        "left": -380.1470317579869
    },
    "forward: medium, right: close, left: close": {
        "forward": 0,
        "right": -392.39397815512615,
        "left": 0
    },
    "forward: medium, right: close, left: medium": {
        "forward": -899.1404154725643,
        "right": -339.2218053539152,
        "left": -1307.3059597164681
    },
    "forward: medium, right: close, left: far": {
        "forward": -272.52981361443625,
        "right": -126.7430116047018,
        "left": -402.9369921914599
    },
    "forward: medium, right: medium, left: close": {
        "forward": -651.5709596326034,
        "right": -721.4578346156948,
        "left": -518.5127385783128
    },
    "forward: medium, right: medium, left: medium": {
        "forward": -787.3827254523326,
        "right": -368.25624567088005,
        "left": -815.8811044134956
    },
    "forward: medium, right: medium, left: far": {
        "forward": -514.2946394317148,
        "right": -77.7177271974757,
        "left": -474.5331955539317
    },
    "forward: medium, right: far, left: close": {
        "forward": -344.1536491960128,
        "right": -418.99409887045624,
        "left": -459.1104009398508
    },
    "forward: medium, right: far, left: medium": {
        "forward": -115.86076991705292,
        "right": -283.3284057288922,
        "left": -43.47410626393079
    },
    "forward: medium, right: far, left: far": {
        "forward": -75.92440376441826,
        "right": -70.9330695531215,
        "left": -55.04281839201954
    },
    "forward: far, right: close, left: close": {
        "forward": 0,
        "right": 0,
        "left": 0
    },
    "forward: far, right: close, left: medium": {
        "forward": -93.72862522373771,
        "right": -48.96311079999822,
        "left": -61.840449722265035
    },
    "forward: far, right: close, left: far": {
        "forward": -85.88488985340437,
        "right": -52.065303877724126,
        "left": -66.5113868135786
    },
    "forward: far, right: medium, left: close": {
        "forward": -17.813738309900042,
        "right": -185.54798795527438,
        "left": -90.396
    },
    "forward: far, right: medium, left: medium": {
        "forward": -128.9892749655118,
        "right": -41.504331769631364,
        "left": -113.32136948707506
    },
    "forward: far, right: medium, left: far": {
        "forward": -66.31274506777292,
        "right": -8.998048042533954,
        "left": -79.37936774187936
    },
    "forward: far, right: far, left: close": {
        "forward": -53.62182737337221,
        "right": -120.44066338668004,
        "left": -112.73249937398893
    },
    "forward: far, right: far, left: medium": {
        "forward": -27.304744260300957,
        "right": -48.700947351671445,
        "left": -22.68523514941415
    },
    "forward: far, right: far, left: far": {
        "forward": -20.28395225673732,
        "right": -11.862277550688097,
        "left": -18.6769511872812
    }
}