{
    "forward: close, right: close, left: close": {
        "forward": -5408.6657724921215,
        "right": -7123.153089665678,
        "left": -6845.6768435553695
    },
    "forward: close, right: close, left: medium": {
        "forward": -1931.1820138605358,
        "right": -700.2695833843952,
        "left": -1888.6708974774654
    },
    "forward: close, right: close, left: far": {
        "forward": -100.97158096688993,
        "right": -211.23349820137875,
        "left": -459.8345293853037
    },
    "forward: close, right: medium, left: close": {
        "forward": -369.38000000000005,
        "right": -432.8932617993697,
        "left": -0.542
    },
    "forward: close, right: medium, left: medium": {
        "forward": -66.1797757935042,
        "right": -56.40156667075162,
        "left": -0.2
    },
    "forward: close, right: medium, left: far": {
        "forward": 0,
        "right": -0.24704640000000003,
        "left": 0
    },
    "forward: close, right: far, left: close": {
        "forward": 0,
        "right": 0,
        "left": -200.20000000000002
    },
    "forward: close, right: far, left: medium": {
        "forward": -0.2,
        "right": 0,
        "left": 0
    },
    "forward: close, right: far, left: far": {
        "forward": -1156.6734396000002,
        "right": -1029.9147768,
        "left": -1174.4737584000002
    },
    "forward: medium, right: close, left: close": {
        "forward": 0,
        "right": 0,
        "left": 0
    },
    "forward: medium, right: close, left: medium": {
        "forward": 0,
        "right": 0,
        "left": -0.2
    },
    "forward: medium, right: close, left: far": {
        "forward": -75.71371652560248,
        "right": -0.5735520000000001,
        "left": -0.5719286356557405
    },
    "forward: medium, right: medium, left: close": {
        "forward": -518.0458172671489,
        "right": -0.2,
        "left": 0
    },
    "forward: medium, right: medium, left: medium": {
        "forward": -0.5320966176,
        "right": -0.542,
        "left": -0.19568000000000002
    },
    "forward: medium, right: medium, left: far": {
        "forward": -0.5719251085658748,
        "right": -0.4985669167646363,
        "left": -0.16691302367936864
    },
    "forward: medium, right: far, left: close": {
        "forward": 0,
        "right": 0,
        "left": 0
    },
    "forward: medium, right: far, left: medium": {
        "forward": -1.2699590220000003,
        "right": -0.7131676144148481,
        "left": -0.71516
    },
    "forward: medium, right: far, left: far": {
        "forward": -0.9151022425694997,
        "right": -82.83292214400001,
        "left": 0
    },
    "forward: far, right: close, left: close": {
        "forward": -1.1637457395551465,
        "right": -1.0225612017187329,
        "left": -1.3679799231666276
    },
    "forward: far, right: close, left: medium": {
        "forward": -0.2570266645187672,
        "right": -0.00825557821584695,
        "left": -0.24588416000000002
    },
    "forward: far, right: close, left: far": {
        "forward": -0.6682027180094501,
        "right": -0.82415,
        "left": -150.9402310372346
    },
    "forward: far, right: medium, left: close": {
        "forward": -0.2,
        "right": 0,
        "left": -0.024658587785312283
    },
    "forward: far, right: medium, left: medium": {
        "forward": -0.3012398359422874,
        "right": -0.2539800748196597,
        "left": -0.2091924454417973
    },
    "forward: far, right: medium, left: far": {
        "forward": -0.43323770933907735,
        "right": -0.3818327958032789,
        "left": -0.1481314699021839
    },
    "forward: far, right: far, left: close": {
        "forward": 0,
        "right": 0,
        "left": 0
    },
    "forward: far, right: far, left: medium": {
        "forward": -1.0357139228672831,
        "right": -1.0906757630235637,
        "left": -0.36316631814422
    },
    "forward: far, right: far, left: far": {
        "forward": -2.523164049755194,
        "right": -1.844077750673229,
        "left": -2.359189017491447
    }
}