{
    "forward: close, right: close, left: close": {
        "forward": -73.77868297808021,
        "right": -73.78533700616286,
        "left": -70.38361574426413
    },
    "forward: close, right: close, left: medium": {
        "forward": -60.70502747957124,
        "right": -59.85058893296377,
        "left": -59.455210812522424
    },
    "forward: close, right: close, left: far": {
        "forward": -61.29292325949536,
        "right": -69.7989713454196,
        "left": -69.86677411689197
    },
    "forward: close, right: medium, left: close": {
        "forward": -58.0537624514064,
        "right": -6.788201904756505,
        "left": -55.84371789751942
    },
    "forward: close, right: medium, left: medium": {
        "forward": -43.01695462405381,
        "right": -27.05343644302786,
        "left": -42.70963220814351
    },
    "forward: close, right: medium, left: far": {
        "forward": -18.645373994758863,
        "right": -50.819868985078756,
        "left": -51.03859852812198
    },
    "forward: close, right: far, left: close": {
        "forward": -64.85267238109074,
        "right": -65.039969368298,
        "left": -60.15378634349826
    },
    "forward: close, right: far, left: medium": {
        "forward": -50.59834151967986,
        "right": -40.21337567485357,
        "left": -50.55395463877871
    },
    "forward: close, right: far, left: far": {
        "forward": -3.0,
        "right": -8.641245812359601,
        "left": 0
    },
    "forward: medium, right: close, left: close": {
        "forward": -36.19865767742853,
        "right": -35.99537007286378,
        "left": -36.58729566928548
    },
    "forward: medium, right: close, left: medium": {
        "forward": -41.85329902524493,
        "right": -44.51070595489323,
        "left": -39.677124307780524
    },
    "forward: medium, right: close, left: far": {
        "forward": -44.754864450563716,
        "right": -46.91123975053452,
        "left": -44.74929530163359
    },
    "forward: medium, right: medium, left: close": {
        "forward": 3.189929754558852,
        "right": -45.085472676388285,
        "left": -45.460098108173575
    },
    "forward: medium, right: medium, left: medium": {
        "forward": -31.470750079803274,
        "right": -30.813935448482535,
        "left": 14.92499615170902
    },
    "forward: medium, right: medium, left: far": {
        "forward": -43.970286944870324,
        "right": -39.93369591624696,
        "left": 9.47607763748467
    },
    "forward: medium, right: far, left: close": {
        "forward": -45.68274888184,
        "right": -48.7866606186984,
        "left": -48.70308266902085
    },
    "forward: medium, right: far, left: medium": {
        "forward": -41.80253105457162,
        "right": -40.43206492299769,
        "left": -26.764312828924282
    },
    "forward: medium, right: far, left: far": {
        "forward": -41.11970731584922,
        "right": -42.03905668072675,
        "left": -40.14711569640255
    },
    "forward: far, right: close, left: close": {
        "forward": -26.918188237125783,
        "right": -26.445536728973277,
        "left": -30.163192369228724
    },
    "forward: far, right: close, left: medium": {
        "forward": -52.19540648470672,
        "right": -46.20249723087132,
        "left": -52.163703625462176
    },
    "forward: far, right: close, left: far": {
        "forward": -44.724110495810336,
        "right": -44.45832840206365,
        "left": -44.661165445687864
    },
    "forward: far, right: medium, left: close": {
        "forward": 3.5165104259380815,
        "right": -55.09106519613024,
        "left": -55.05596951342935
    },
    "forward: far, right: medium, left: medium": {
        "forward": -41.650478234397816,
        "right": -40.112987649538205,
        "left": 29.051866279938338
    },
    "forward: far, right: medium, left: far": {
        "forward": -51.81881231006403,
        "right": 13.17740000141375,
        "left": -51.89269137737882
    },
    "forward: far, right: far, left: close": {
        "forward": -62.02071353878663,
        "right": -45.13842820703386,
        "left": -62.296115086569
    },
    "forward: far, right: far, left: medium": {
        "forward": -53.39605921389783,
        "right": -53.366638505405525,
        "left": -10.374362623524178
    },
    "forward: far, right: far, left: far": {
        "forward": -52.43734960607496,
        "right": -52.477486651860154,
        "left": -41.23368271441935
    }
}