{
    "forward: close, left: close": {
        "forward": -18.04036176680402,
        "right": -18.02013031749803,
        "left": -8.31089236004051
    },
    "forward: close, left: medium": {
        "forward": -16.084368593561084,
        "right": -16.354102596976624,
        "left": -8.754599672802314
    },
    "forward: close, left: far": {
        "forward": -12.283179793234165,
        "right": -16.6676980978297,
        "left": -15.940425188841026
    },
    "forward: medium, left: close": {
        "forward": -10.27251733750293,
        "right": -10.554935083984418,
        "left": -7.652026593194781
    },
    "forward: medium, left: medium": {
        "forward": -7.331002042241295,
        "right": -7.171010662920108,
        "left": -3.827456792869204
    },
    "forward: medium, left: far": {
        "forward": -9.904462578915538,
        "right": -9.714461461719344,
        "left": -5.24673538877893
    },
    "forward: far, left: close": {
        "forward": -6.516093298248849,
        "right": -9.245782602686578,
        "left": -9.727785205607807
    },
    "forward: far, left: medium": {
        "forward": -4.558202248851395,
        "right": -1.86750754851401,
        "left": -4.529652902125834
    },
    "forward: far, left: far": {
        "forward": -9.481921190554843,
        "right": -4.091634656391392,
        "left": -9.484772578609634
    }
}