{
    "forward: close, left: close": {
        "forward": -18.83119883107758,
        "right": -8.448193805217487,
        "left": -19.063233026275142
    },
    "forward: close, left: medium": {
        "forward": -17.104054688873568,
        "right": -9.221091731525757,
        "left": -16.775561027689733
    },
    "forward: close, left: far": {
        "forward": -19.104958004129546,
        "right": -12.293057114410429,
        "left": -18.283007186567005
    },
    "forward: medium, left: close": {
        "forward": -10.731780059788111,
        "right": -7.640469997813933,
        "left": -10.595461428640714
    },
    "forward: medium, left: medium": {
        "forward": -8.681419108676124,
        "right": -3.902193757275943,
        "left": -8.52796481612451
    },
    "forward: medium, left: far": {
        "forward": -10.95836009865351,
        "right": -5.1088153668239835,
        "left": -10.768639718543955
    },
    "forward: far, left: close": {
        "forward": -6.822954313712943,
        "right": -9.61921680676143,
        "left": -11.339522423756812
    },
    "forward: far, left: medium": {
        "forward": -4.355025611539277,
        "right": -4.175259020713767,
        "left": -2.2354501979221797
    },
    "forward: far, left: far": {
        "forward": -9.934533804538333,
        "right": -9.91390688108051,
        "left": -4.569396309853394
    }
}