{
    "forward: close, left: close": {
        "forward": -14.713506374790912,
        "right": -14.196161989772857,
        "left": -14.95418043091303
    },
    "forward: close, left: medium": {
        "forward": -15.493476378351923,
        "right": -12.899165275815061,
        "left": -15.202204864726529
    },
    "forward: close, left: far": {
        "forward": -15.50278539904027,
        "right": -14.664212189307115,
        "left": -16.654513868746335
    },
    "forward: medium, left: close": {
        "forward": -9.953460978428161,
        "right": -8.426134923060534,
        "left": -10.108203421759772
    },
    "forward: medium, left: medium": {
        "forward": -5.62570714857419,
        "right": -5.406923487128243,
        "left": -5.800850350961339
    },
    "forward: medium, left: far": {
        "forward": -9.830443396779323,
        "right": -8.382820080513756,
        "left": -9.854931165415945
    },
    "forward: far, left: close": {
        "forward": -7.581082256982102,
        "right": -8.78517678380106,
        "left": -7.991592932096049
    },
    "forward: far, left: medium": {
        "forward": -3.6133444265432098,
        "right": -3.980941987707348,
        "left": -3.81874514713997
    },
    "forward: far, left: far": {
        "forward": -9.532659949163442,
        "right": -9.637528970232504,
        "left": -9.14894173902787
    }
}