{
    "forward: close, left: close": {
        "forward": -14.014391980403968,
        "right": -8.354866282662693,
        "left": -14.264403776339158
    },
    "forward: close, left: medium": {
        "forward": -16.655928804793035,
        "right": -10.412718106498453,
        "left": -17.08685242035601
    },
    "forward: close, left: far": {
        "forward": -18.42004180815434,
        "right": -16.770418694232294,
        "left": -13.755615864429858
    },
    "forward: medium, left: close": {
        "forward": -9.61147962546009,
        "right": -6.742580476696224,
        "left": -9.402623184820833
    },
    "forward: medium, left: medium": {
        "forward": -6.326852020158331,
        "right": -4.205966683296342,
        "left": -6.270973602054674
    },
    "forward: medium, left: far": {
        "forward": -10.215050788336024,
        "right": -7.978517823473929,
        "left": -10.034636389156518
    },
    "forward: far, left: close": {
        "forward": -6.80515417478141,
        "right": -8.046214272776597,
        "left": -8.084017054900954
    },
    "forward: far, left: medium": {
        "forward": -4.246291995690905,
        "right": -4.617748200263574,
        "left": -2.158304471034434
    },
    "forward: far, left: far": {
        "forward": -9.717089061183227,
        "right": -9.868069061085887,
        "left": -8.353223621294745
    }
}