{
    "forward: close, left: close": {
        "forward": -16.87525332763548,
        "right": -8.741617403100024,
        "left": -16.737362125140784
    },
    "forward: close, left: medium": {
        "forward": -14.72002121663604,
        "right": -9.46496841893655,
        "left": -14.031172170033857
    },
    "forward: close, left: far": {
        "forward": -15.226778236482092,
        "right": -13.436775006459968,
        "left": -16.108270566675035
    },
    "forward: medium, left: close": {
        "forward": -9.910960218416111,
        "right": -7.436017424491255,
        "left": -9.934949703200038
    },
    "forward: medium, left: medium": {
        "forward": -7.908124524830648,
        "right": -3.103747461053077,
        "left": -7.809234180353751
    },
    "forward: medium, left: far": {
        "forward": -9.749139833093713,
        "right": -7.589392120880134,
        "left": -9.967899294262272
    },
    "forward: far, left: close": {
        "forward": -5.875274037552149,
        "right": -10.794985487108185,
        "left": -9.458602448547039
    },
    "forward: far, left: medium": {
        "forward": -5.336257055910309,
        "right": -5.074219441739066,
        "left": -1.974514276796076
    },
    "forward: far, left: far": {
        "forward": -7.972199325918065,
        "right": -9.766625209365376,
        "left": -9.76808057453481
    }
}