{
    "forward: close, left: close": {
        "forward": -12.267307599868841,
        "right": -7.908220790360879,
        "left": -14.264403776339158
    },
    "forward: close, left: medium": {
        "forward": -15.946922226328034,
        "right": -8.056812977132203,
        "left": -16.20508563757886
    },
    "forward: close, left: far": {
        "forward": -18.42004180815434,
        "right": -16.770418694232294,
        "left": -13.175052364082044
    },
    "forward: medium, left: close": {
        "forward": -9.377368439978483,
        "right": -6.479450846358993,
        "left": -9.131358721809281
    },
    "forward: medium, left: medium": {
        "forward": -5.928513816549584,
        "right": -2.844810052675833,
        "left": -4.993979370555164
    },
    "forward: medium, left: far": {
        "forward": -10.215050788336024,
        "right": -4.759922325484551,
        "left": -10.034636389156518
    },
    "forward: far, left: close": {
        "forward": -7.414192833800449,
        "right": -5.790601642484598,
        "left": -7.670300733388778
    },
    "forward: far, left: medium": {
        "forward": -3.841646065311172,
        "right": -4.098750794286375,
        "left": -1.9309461131507344
    },
    "forward: far, left: far": {
        "forward": -9.717089061183227,
        "right": -9.868069061085887,
        "left": -5.168479414502332
    }
}