{
    "forward: close, left: close": {
        "forward": -20.61640552866035,
        "right": -20.385416703628472,
        "left": -20.761165404649844
    },
    "forward: close, left: medium": {
        "forward": -18.727211218961834,
        "right": -19.092322357416133,
        "left": -16.62935512605301
    },
    "forward: close, left: far": {
        "forward": -16.665754907764622,
        "right": -17.553846294033047,
        "left": -17.24141805960135
    },
    "forward: medium, left: close": {
        "forward": -11.0203927107502,
        "right": -11.433928409330083,
        "left": -10.524346897569988
    },
    "forward: medium, left: medium": {
        "forward": -8.852251610559515,
        "right": -7.88446292250348,
        "left": -9.488844852931257
    },
    "forward: medium, left: far": {
        "forward": -10.95387935955204,
        "right": -10.52455611259637,
        "left": -11.249669021525463
    },
    "forward: far, left: close": {
        "forward": -8.577710912468806,
        "right": -8.561755945266118,
        "left": -8.502523395295443
    },
    "forward: far, left: medium": {
        "forward": -4.492805827624188,
        "right": -4.778376300207274,
        "left": -4.749472781902843
    },
    "forward: far, left: far": {
        "forward": -9.875440556190778,
        "right": -9.974799766091177,
        "left": -9.913144503957065
    }
}