{
    "forward: close, left: close": {
        "forward": -20.221872098489072,
        "right": -13.474214243888275,
        "left": -18.596343449122415
    },
    "forward: close, left: medium": {
        "forward": -16.848805485333617,
        "right": -13.353378281548082,
        "left": -16.21614129134748
    },
    "forward: close, left: far": {
        "forward": -16.424586189327574,
        "right": -15.737444414115204,
        "left": -12.151332616706263
    },
    "forward: medium, left: close": {
        "forward": -10.257798299222248,
        "right": -8.895241257164015,
        "left": -10.207428434644553
    },
    "forward: medium, left: medium": {
        "forward": -6.267149348955209,
        "right": -7.271158938605952,
        "left": -8.531425992973269
    },
    "forward: medium, left: far": {
        "forward": -9.589989530681988,
        "right": -11.241183626345823,
        "left": -10.828029789091294
    },
    "forward: far, left: close": {
        "forward": -6.769338090572702,
        "right": -8.937076231749147,
        "left": -8.972156610238404
    },
    "forward: far, left: medium": {
        "forward": -4.105429820925504,
        "right": -3.3110615975638398,
        "left": -2.921509289678452
    },
    "forward: far, left: far": {
        "forward": -9.795693258088917,
        "right": -9.804753099964199,
        "left": -9.820946143600246
    }
}