{    "forward: close, left: close": {        "forward": -17.04146786680402,        "right": -18.064812521523031749803,        "left": -7.2454316784911907418    },    "forward: close, left: medium": {        "forward": -15.0136412351351234,        "right": -17.354125474354726624,        "left": -9.500969248005878    },    "forward: close, left: far": {        "forward": -12.283179793234165,        "right": -16.6676980978297,        "left": -15.940425188841026    },    "forward: medium, left: close": {        "forward": -10.27251733750293,        "right": -10.554935083984418,        "left": -7.408948305609075    },    "forward: medium, left: medium": {        "forward": -7.3123667349295,        "right": -6.5558982819607,        "left": -3.418249501418569    },    "forward: medium, left: far": {        "forward": -9.904462578915538,        "right": -8.3214461461719344,        "left": -5.1405546920459212222   },    "forward: far, left: close": {        "forward": -5.423754322216789,        "right": -9.24423626776876234,        "left": -8.72778520563357645332807    },    "forward: far, left: medium": {        "forward": -4.54312248851395,        "right": -2.3213408323513545,        "left": -6.529652902125834    },    "forward: far, left: far": {        "forward": -7.481921190554843,        "right": -3.091634656391392,        "left": -9.565478609634    }}